{"cameraMode":{"drawMode":0,"name":"Shaded","section":"Shading Mode"},"sceneLighting":true,"audioPlay":false,"sceneViewState":{"showFog":true,"showMaterialUpdate":true,"showSkybox":true,"showFlares":true,"showImageEffects":true,"showParticleSystems":true},"in2DMode":false,"pivot":{"x":45.846588134765628,"y":-43.36492156982422,"z":22.442913055419923},"rotation":{"x":0.13852883875370027,"y":-0.8538770079612732,"z":0.4108933210372925,"w":0.28789815306663515},"size":56.97624969482422,"orthographic":false}