{"cameraMode":{"drawMode":0,"name":"Shaded","section":"Shading Mode"},"sceneLighting":true,"audioPlay":false,"sceneViewState":{"showFog":true,"showMaterialUpdate":true,"showSkybox":true,"showFlares":true,"showImageEffects":true,"showParticleSystems":true},"in2DMode":false,"pivot":{"x":-1.8223514556884766,"y":-1.5390198230743409,"z":-1.7949981689453126},"rotation":{"x":-0.16657814383506776,"y":0.826865017414093,"z":-0.31833410263061526,"w":-0.4326865077018738},"size":6.920905590057373,"orthographic":false}