{"cameraMode":{"drawMode":0,"name":"Shaded","section":"Shading Mode"},"sceneLighting":true,"audioPlay":false,"sceneViewState":{"showFog":true,"showMaterialUpdate":true,"showSkybox":true,"showFlares":true,"showImageEffects":true,"showParticleSystems":true},"in2DMode":false,"pivot":{"x":-1.9163434505462647,"y":-1.6660101413726807,"z":0.8473435640335083},"rotation":{"x":-0.23478849232196809,"y":0.5104591846466065,"z":-0.14723239839076997,"w":-0.8140192627906799},"size":3.5663442611694338,"orthographic":false}