{"cameraMode":{"drawMode":0,"name":"Shaded","section":"Shading Mode"},"sceneLighting":true,"audioPlay":false,"sceneViewState":{"showFog":true,"showMaterialUpdate":true,"showSkybox":true,"showFlares":true,"showImageEffects":true,"showParticleSystems":true},"in2DMode":false,"pivot":{"x":-9.357734680175782,"y":-6.659106731414795,"z":-1.2533897161483765},"rotation":{"x":0.19324854016304017,"y":-0.7209404110908508,"z":0.2220732420682907,"w":0.6273648738861084},"size":7.0700273513793949,"orthographic":false}